Source,Organization,Job Title,Location,Posted,Seniority Level,Employment Type,Job Function,Industries
https://br.linkedin.com/jobs/view/desenvolvedor-jr-at-grupo-otimiza-3300790607?refId=tG7WFgTTfZ0wGpjquzM%2BGw%3D%3D&trackingId=65QACbZ6Pe73pPb8b1kEfA%3D%3D&position=1&pageNum=0&trk=public_jobs_jserp-result_search-card,"
                Grupo Otimiza
              ",DESENVOLVEDOR JR,"
              Belo Horizonte. MG
            "
https://br.linkedin.com/jobs/view/desenvolvedor-software-jr-at-transdata-3329862868?refId=tG7WFgTTfZ0wGpjquzM%2BGw%3D%3D&trackingId=ufNHlYgTxwcCRuuBITGntA%3D%3D&position=2&pageNum=0&trk=public_jobs_jserp-result_search-card,"
                Transdata
              ",Desenvolvedor Software Jr,"
              Campinas. SP
            "
https://br.linkedin.com/jobs/view/estagi%C3%A1rio-desenvolvedor-jr-at-gr%C3%A3o-intelig%C3%AAncia-3306806413?refId=tG7WFgTTfZ0wGpjquzM%2BGw%3D%3D&trackingId=G16xRONbZ4PsDduZS6W4yg%3D%3D&position=3&pageNum=0&trk=public_jobs_jserp-result_search-card,"
                Grão Inteligência
              ",Estagiário - Desenvolvedor Jr,"
              Rio de Janeiro. RJ
            "
https://br.linkedin.com/jobs/view/desenvolvedor-de-software-jr-at-sidi-3325573735?refId=tG7WFgTTfZ0wGpjquzM%2BGw%3D%3D&trackingId=H0AskA3spXiodzPgfvnDXw%3D%3D&position=4&pageNum=0&trk=public_jobs_jserp-result_search-card,"
                SiDi
              ",Desenvolvedor de Software JR,"
              Campinas. SP
            "
https://br.linkedin.com/jobs/view/desenvolvedor-de-software-jr-at-sidi-3325576504?refId=tG7WFgTTfZ0wGpjquzM%2BGw%3D%3D&trackingId=Xzb7p0Ma93poNn%2BH5CMMPQ%3D%3D&position=5&pageNum=0&trk=public_jobs_jserp-result_search-card,"
                SiDi
              ",Desenvolvedor de Software JR,"
              Campinas. SP
            "
https://br.linkedin.com/jobs/view/desenvolvedor-a-front-end-j%C3%BAnior-at-justa-3188979463?refId=tG7WFgTTfZ0wGpjquzM%2BGw%3D%3D&trackingId=KP%2BhV%2FhAtWJI46UA93Mhkw%3D%3D&position=6&pageNum=0&trk=public_jobs_jserp-result_search-card,"
                Justa
              ",Desenvolvedor(a) Front-end Júnior,"
              Barueri. SP
            "
https://br.linkedin.com/jobs/view/desenvolvedor-de-sistemas-jr-s%C3%A3o-paulo-at-target-sistemas-3296688068?refId=tG7WFgTTfZ0wGpjquzM%2BGw%3D%3D&trackingId=4HeZx%2FS4%2B281qcUlSUgc%2Fg%3D%3D&position=7&pageNum=0&trk=public_jobs_jserp-result_search-card,"
                Target Sistemas
              ",Desenvolvedor de Sistemas Jr. - São Paulo,"
              São Paulo. SP
            "
https://br.linkedin.com/jobs/view/desenvolvedor-jr-at-foco-aluguel-de-carros-3293256007?refId=tG7WFgTTfZ0wGpjquzM%2BGw%3D%3D&trackingId=4w%2Fli6j8QaVnanguUs1%2BOA%3D%3D&position=8&pageNum=0&trk=public_jobs_jserp-result_search-card,"
                Foco Aluguel de Carros
              ",DESENVOLVEDOR JR,"
              Recife. PE
            "
https://br.linkedin.com/jobs/view/programador-jr-at-grupo-apisul-3317064432?refId=tG7WFgTTfZ0wGpjquzM%2BGw%3D%3D&trackingId=tCqPTfCYNCzeWfmvpLoLoA%3D%3D&position=9&pageNum=0&trk=public_jobs_jserp-result_search-card,"
                Grupo Apisul
              ",Programador Jr,"
              São Paulo. SP
            "
https://br.linkedin.com/jobs/view/desenvolvedor-frontend-jr-at-people-consulting-3304714873?refId=tG7WFgTTfZ0wGpjquzM%2BGw%3D%3D&trackingId=q5N2kb%2FdStvZIdytEkAObg%3D%3D&position=10&pageNum=0&trk=public_jobs_jserp-result_search-card,"
                People Consulting
              ",Desenvolvedor Frontend JR,"
              São Paulo. SP
            "
https://br.linkedin.com/jobs/view/software-engineer-jr-at-celcoin-3215488769?refId=tG7WFgTTfZ0wGpjquzM%2BGw%3D%3D&trackingId=KT4KI%2FbM1OHaIIX1D5ruOA%3D%3D&position=11&pageNum=0&trk=public_jobs_jserp-result_search-card,"
                Celcoin
              ",Software Engineer Jr.,"
              Barueri. SP
            "
https://br.linkedin.com/jobs/view/desenvolvedor-web-full-stack-jr-at-shopper-com-br-3321855518?refId=tG7WFgTTfZ0wGpjquzM%2BGw%3D%3D&trackingId=opMY9sYAE0HfV3FMYC7SEw%3D%3D&position=12&pageNum=0&trk=public_jobs_jserp-result_search-card,"
                Shopper.com.br
              ",Desenvolvedor Web Full-Stack JR,"
              São Paulo. SP
            "
https://br.linkedin.com/jobs/view/desenvolvedor-a-jr-javascript-100%25-remoto-at-hagoti-3320666421?refId=tG7WFgTTfZ0wGpjquzM%2BGw%3D%3D&trackingId=KIOLv5tm5BOA8LxL0qNrWQ%3D%3D&position=13&pageNum=0&trk=public_jobs_jserp-result_search-card,"
                Hagoti
              ",Desenvolvedor(A) Jr - Javascript - 100% REMOTO,"
              Taubaté. SP
            "
https://br.linkedin.com/jobs/view/desenvolvedor-de-software-at-minha-visita-3309828959?refId=tG7WFgTTfZ0wGpjquzM%2BGw%3D%3D&trackingId=a%2Bo8fau8KSSHBmcAPOHU3Q%3D%3D&position=14&pageNum=0&trk=public_jobs_jserp-result_search-card,"
                Minha Visita
              ",Desenvolvedor De Software,"
              Novo Hamburgo. RS
            "
https://br.linkedin.com/jobs/view/desenvolvedor-de-software-at-minha-visita-3305116312?refId=tG7WFgTTfZ0wGpjquzM%2BGw%3D%3D&trackingId=WpoCgDXMgRdqO4UfMw62AQ%3D%3D&position=15&pageNum=0&trk=public_jobs_jserp-result_search-card,"
                Minha Visita
              ",Desenvolvedor De Software,"
              São Leopoldo. RS
            "
https://br.linkedin.com/jobs/view/desenvolvedor-de-software-at-minha-visita-3305112793?refId=tG7WFgTTfZ0wGpjquzM%2BGw%3D%3D&trackingId=ecc%2FVsKX4yxHXEp8FxSjpQ%3D%3D&position=16&pageNum=0&trk=public_jobs_jserp-result_search-card,"
                Minha Visita
              ",Desenvolvedor De Software,"
              Rio Grande. RS
            "
https://br.linkedin.com/jobs/view/desenvolvedor-fullstack-jr-at-fator-wow%21-3293373486?refId=tG7WFgTTfZ0wGpjquzM%2BGw%3D%3D&trackingId=5TLzsJRPLKsdIe%2FESbWaPQ%3D%3D&position=17&pageNum=0&trk=public_jobs_jserp-result_search-card,"
                Fator WoW!
              ",Desenvolvedor FullStack JR,"
              São Paulo. SP
            "
https://br.linkedin.com/jobs/view/desenvolvedor-a-jr-javascript-100%25-remoto-at-hagoti-3320663797?refId=tG7WFgTTfZ0wGpjquzM%2BGw%3D%3D&trackingId=O8rVvpM4RKwvgc3maf5gog%3D%3D&position=18&pageNum=0&trk=public_jobs_jserp-result_search-card,"
                Hagoti
              ",Desenvolvedor(A) Jr - Javascript - 100% REMOTO,"
              Caçapava. SP
            "
https://br.linkedin.com/jobs/view/estagi%C3%A1rio-desenvolvedor-at-alatere-rh-3306595076?refId=tG7WFgTTfZ0wGpjquzM%2BGw%3D%3D&trackingId=O8HZizMngsfAyWKlEqsGKA%3D%3D&position=19&pageNum=0&trk=public_jobs_jserp-result_search-card,"
                aLatere RH
              ",Estagiário Desenvolvedor,"
              Barueri. SP
            "
https://br.linkedin.com/jobs/view/desenvolvedor-j%C3%BAnior-at-recruta-simples-vagas-3247694551?refId=tG7WFgTTfZ0wGpjquzM%2BGw%3D%3D&trackingId=FZIg0RBbrufH5S%2FejJsryg%3D%3D&position=20&pageNum=0&trk=public_jobs_jserp-result_search-card,"
                Recruta Simples Vagas
              ",Desenvolvedor Júnior,"
              São Paulo. SP
            "
https://br.linkedin.com/jobs/view/desenvolvedor-front-end-jr-pl-at-autodoc-tecnologia-3320902059?refId=tG7WFgTTfZ0wGpjquzM%2BGw%3D%3D&trackingId=BEQ1tdz%2ByWKOihWGlPTfYA%3D%3D&position=21&pageNum=0&trk=public_jobs_jserp-result_search-card,"
                Autodoc Tecnologia
              ",Desenvolvedor Front-End JR/PL,"
              São Paulo. SP
            "
https://br.linkedin.com/jobs/view/desenvolvedor-javascript-j%C3%BAnior-at-empregga-3324226099?refId=tG7WFgTTfZ0wGpjquzM%2BGw%3D%3D&trackingId=TeQCnrp4Di9wf%2BIgNvTXbg%3D%3D&position=22&pageNum=0&trk=public_jobs_jserp-result_search-card,"
                EMPREGGA
              ",Desenvolvedor Javascript Júnior,"
              São Paulo. SP
            "
https://br.linkedin.com/jobs/view/desenvolvedor-a-jr-javascript-100%25-remoto-at-hagoti-3320665601?refId=tG7WFgTTfZ0wGpjquzM%2BGw%3D%3D&trackingId=Y8FJCP3YqwHp0GEGDOmf%2BQ%3D%3D&position=23&pageNum=0&trk=public_jobs_jserp-result_search-card,"
                Hagoti
              ",Desenvolvedor(A) Jr - Javascript - 100% REMOTO,"
              Jacareí. SP
            "
https://br.linkedin.com/jobs/view/desenvolvedor-jr-remoto-at-grupo-tiradentes-3308498950?refId=tG7WFgTTfZ0wGpjquzM%2BGw%3D%3D&trackingId=ETmMCeXs4CwirTyYDgVPNw%3D%3D&position=24&pageNum=0&trk=public_jobs_jserp-result_search-card,"
                Grupo Tiradentes
              ",Desenvolvedor Jr (remoto),"
              Fortaleza. CE
            "
https://br.linkedin.com/jobs/view/desenvolvedor-java-jr-at-fator-wow%21-2788232472?refId=tG7WFgTTfZ0wGpjquzM%2BGw%3D%3D&trackingId=ZGf3neiu3Qv%2B9hPKEFsQYA%3D%3D&position=25&pageNum=0&trk=public_jobs_jserp-result_search-card,"
                Fator WoW!
              ",Desenvolvedor JAVA Jr.,"
              Mathias Lobato. MG
            "
